<?xml version="1.0"?>
<config>
  <tabs>
    <magehouse translate="label" module="slider">
      <label>peer system</label>
      <sort_order>6</sort_order>
    </magehouse>
  </tabs>
  <sections>
    <price_slider  translate="label" module="slider">
      <label>Price Slider</label>
      <tab>magehouse</tab>
      <frontend_type>text</frontend_type>
      <sort_order>0</sort_order>
      <show_in_default>1</show_in_default>
      <show_in_website>1</show_in_website>
      <show_in_store>1</show_in_store>
      <groups>
        <price_slider_settings translate="label">
          <label>Settings</label>
          <frontend_type>text</frontend_type>
          <sort_order>10</sort_order>
          <show_in_default>1</show_in_default>
          <show_in_website>1</show_in_website>
          <show_in_store>1</show_in_store>
          <fields>
            <slider_loader_active translate="label">
              <label>Enable Price Slider</label>
              <frontend_type>select</frontend_type>
              <source_model>adminhtml/system_config_source_yesno</source_model>
              <sort_order>1</sort_order>
              <show_in_default>1</show_in_default>
              <show_in_website>1</show_in_website>
              <show_in_store>1</show_in_store>
              <comment>Use this to enable / disable the price slider.</comment>
            </slider_loader_active>
            <include_jquery translate="label">
              <label>Include Jquery</label>
              <frontend_type>select</frontend_type>
              <source_model>adminhtml/system_config_source_yesno</source_model>
              <sort_order>2</sort_order>
              <show_in_default>1</show_in_default>
              <show_in_website>1</show_in_website>
              <show_in_store>1</show_in_store>
			  <comment>Includes jQuery with noConflict Mode, to avoid conflicts with prototype library.</comment>
              <tooltip>Set this to yes if you have not included jQuery in the website.</tooltip>
            </include_jquery>
            <include_jquery_ui translate="label">
              <label>Include Jquery UI</label>
              <frontend_type>select</frontend_type>
              <source_model>adminhtml/system_config_source_yesno</source_model>
              <sort_order>3</sort_order>
              <show_in_default>1</show_in_default>
              <show_in_website>1</show_in_website>
              <show_in_store>1</show_in_store>
              <comment>Set this to yes if you have not included jQuery UI in the website.</comment>
            </include_jquery_ui>
          </fields>
        </price_slider_settings>
<!--        <price_slider_conf translate="label">-->
<!--          <label>Price Slider Configuration</label>-->
<!--          <frontend_type>text</frontend_type>-->
<!--          <sort_order>20</sort_order>-->
<!--          <show_in_default>1</show_in_default>-->
<!--          <show_in_website>1</show_in_website>-->
<!--          <show_in_store>1</show_in_store>-->
<!--          <fields>-->
<!--            <timeout>-->
<!--              <label>Timeout</label>-->
<!--              <frontend_type>text</frontend_type>-->
<!--              <sort_order>9</sort_order>-->
<!--              <show_in_default>1</show_in_default>-->
<!--              <show_in_website>1</show_in_website>-->
<!--              <show_in_store>1</show_in_store>-->
<!--              <comment>Set this in milliseconds. It refers to the time to await for user's action on the other handle after changing the first. if the user does not change the other range within specified time, the selected settings will be applied.</comment>-->
<!--            </timeout>-->
<!--            <use_image translate="label">-->
<!--              <label>Use Image</label>-->
<!--              <frontend_type>select</frontend_type>-->
<!--              <source_model>adminhtml/system_config_source_yesno</source_model>-->
<!--              <sort_order>10</sort_order>-->
<!--              <show_in_default>1</show_in_default>-->
<!--              <show_in_website>1</show_in_website>-->
<!--              <show_in_store>1</show_in_store>-->
<!--              <comment>Setting to yes will use the images for the slider. You have to upload the images in below.</comment>-->
<!--              <tooltip>For using background colors in place of images, set this to no and specify the colours in below fields.</tooltip>-->
<!--            </use_image>-->
<!--            <handle_image>-->
<!--              <label>Handle Image</label>-->
<!--              <frontend_type>image</frontend_type>-->
<!--              <backend_model>adminhtml/system_config_backend_image</backend_model>-->
<!--              <upload_dir config="system/filesystem/media" scope_info="1">magehouse/slider</upload_dir>-->
<!--              -->
<!--              <base_url type="media" scope_info="1">magehouse/slider</base_url>-->
<!--              -->
<!--              <sort_order>20</sort_order>-->
<!--              <show_in_default>1</show_in_default>-->
<!--              <show_in_website>1</show_in_website>-->
<!--              <show_in_store>1</show_in_store>-->
<!--              <value>1.jpg</value>-->
<!--            </handle_image>-->
<!--            <background_image>-->
<!--              <label>Background Image</label>-->
<!--              <frontend_type>image</frontend_type>-->
<!--              <backend_model>adminhtml/system_config_backend_image</backend_model>-->
<!--              <upload_dir config="system/filesystem/media" scope_info="1">magehouse/slider</upload_dir>-->
<!--              -->
<!--              <base_url type="media" scope_info="1">magehouse/slider</base_url>-->
<!--             -->
<!--              <sort_order>30</sort_order>-->
<!--              <show_in_default>1</show_in_default>-->
<!--              <show_in_website>1</show_in_website>-->
<!--              <show_in_store>1</show_in_store>-->
<!--            </background_image>-->
<!--            <range_image>-->
<!--              <label>Active Range Image</label>-->
<!--              <frontend_type>image</frontend_type>-->
<!--              <backend_model>adminhtml/system_config_backend_image</backend_model>-->
<!--              <upload_dir config="system/filesystem/media" scope_info="1">magehouse/slider</upload_dir>-->
<!--              -->
<!--              <base_url type="media" scope_info="1">magehouse/slider</base_url>-->
<!--              -->
<!--              <sort_order>40</sort_order>-->
<!--              <show_in_default>1</show_in_default>-->
<!--              <show_in_website>1</show_in_website>-->
<!--              <show_in_store>1</show_in_store>-->
<!--            </range_image>-->
<!--            <handle_color>-->
<!--              <label>Handle Background Color</label>-->
<!--              <frontend_type>text</frontend_type>-->
<!--              <sort_order>50</sort_order>-->
<!--              <show_in_default>1</show_in_default>-->
<!--              <show_in_website>1</show_in_website>-->
<!--              <show_in_store>1</show_in_store>-->
<!--              <comment>Background color for the handles.</comment>-->
<!--            </handle_color>-->
<!--            <background_color>-->
<!--              <label>Background Color</label>-->
<!--              <frontend_type>text</frontend_type>-->
<!--              <sort_order>60</sort_order>-->
<!--              <show_in_default>1</show_in_default>-->
<!--              <show_in_website>1</show_in_website>-->
<!--              <show_in_store>1</show_in_store>-->
<!--              <comment>Background color for the inactive range.</comment>-->
<!--            </background_color>-->
<!--            <range_color>-->
<!--              <label>Active Range Background Color</label>-->
<!--              <frontend_type>text</frontend_type>-->
<!--              <sort_order>70</sort_order>-->
<!--              <show_in_default>1</show_in_default>-->
<!--              <show_in_website>1</show_in_website>-->
<!--              <show_in_store>1</show_in_store>-->
<!--              <comment>Background color for the selected range.</comment>-->
<!--            </range_color>-->
<!--            <handle_width>-->
<!--              <label>Handle width</label>-->
<!--              <frontend_type>text</frontend_type>-->
<!--              <sort_order>80</sort_order>-->
<!--              <show_in_default>1</show_in_default>-->
<!--              <show_in_website>1</show_in_website>-->
<!--              <show_in_store>1</show_in_store>-->
<!--              <comment>Width of the handle "px". Its the width of the image that you are using for the handle.</comment>-->
<!--            </handle_width>-->
<!--            <handle_height>-->
<!--              <label>Handle Height</label>-->
<!--              <frontend_type>text</frontend_type>-->
<!--              <sort_order>90</sort_order>-->
<!--              <show_in_default>1</show_in_default>-->
<!--              <show_in_website>1</show_in_website>-->
<!--              <show_in_store>1</show_in_store>-->
<!--              <comment>Hight of the handle in "px". Its the height of the image that you are using for the handle.</comment>-->
<!--            </handle_height>-->
<!--            <slider_width>-->
<!--              <label>Width</label>-->
<!--              <frontend_type>text</frontend_type>-->
<!--              <sort_order>100</sort_order>-->
<!--              <show_in_default>1</show_in_default>-->
<!--              <show_in_website>1</show_in_website>-->
<!--              <show_in_store>1</show_in_store>-->
<!--              <comment>Width of the slider in "px". "auto" for ayto width.</comment>-->
<!--            </slider_width>-->
<!--            <slider_height>-->
<!--              <label>Height</label>-->
<!--              <frontend_type>text</frontend_type>-->
<!--              <sort_order>110</sort_order>-->
<!--              <show_in_default>1</show_in_default>-->
<!--              <show_in_website>1</show_in_website>-->
<!--              <show_in_store>1</show_in_store>-->
<!--              <comment>Height of the slider in "px".</comment>-->
<!--            </slider_height>-->
<!--            <amount_style>-->
<!--              <label>Amount style</label>-->
<!--              <frontend_type>textarea</frontend_type>-->
<!--              <sort_order>120</sort_order>-->
<!--              <show_in_default>1</show_in_default>-->
<!--              <show_in_website>1</show_in_website>-->
<!--              <show_in_store>1</show_in_store>-->
<!--              <comment>This applies to the price that appears above slider.</comment>-->
<!--            </amount_style>-->
<!--			<textbox>-->
<!--              <label>Use textbox for amount?</label>-->
<!--              <frontend_type>select</frontend_type>-->
<!--              <source_model>adminhtml/system_config_source_yesno</source_model>-->
<!--              <sort_order>130</sort_order>-->
<!--              <show_in_default>1</show_in_default>-->
<!--              <show_in_website>1</show_in_website>-->
<!--              <show_in_store>1</show_in_store>-->
<!--              <comment>Set it to Yes for applying textbox for amount, NO will use the labels for amount</comment>-->
<!--            </textbox>-->
<!--            <textBoxCss>-->
<!--              <label>Amount text-box style</label>-->
<!--              <frontend_type>textarea</frontend_type>-->
<!--              <sort_order>140</sort_order>-->
<!--              <show_in_default>1</show_in_default>-->
<!--              <show_in_website>1</show_in_website>-->
<!--              <show_in_store>1</show_in_store>-->
<!--              <comment>This applies to the text boxes for amount.</comment>-->
<!--            </textBoxCss>-->
<!--			<goBtnText>-->
<!--              <label>Name for your GO button .</label> -->
<!--              <frontend_type>text</frontend_type>-->
<!--              <sort_order>141</sort_order>-->
<!--              <show_in_default>1</show_in_default>-->
<!--              <show_in_website>1</show_in_website>-->
<!--              <show_in_store>1</show_in_store>-->
<!--              <comment>This applies to the Go button for amount. By Default nameis "Go"</comment>-->
<!--            </goBtnText>-->
<!--			<goBtnCss>-->
<!--              <label>Style your GO button here.</label>-->
<!--              <frontend_type>textarea</frontend_type>-->
<!--              <sort_order>142</sort_order>-->
<!--              <show_in_default>1</show_in_default>-->
<!--              <show_in_website>1</show_in_website>-->
<!--              <show_in_store>1</show_in_store>-->
<!--              <comment>This applies to the Go button for amount.</comment>-->
<!--            </goBtnCss>-->
<!--            <onSlide>-->
<!--              <label>OnSlide Call Back JavaScript</label>-->
<!--              <frontend_type>textarea</frontend_type>-->
<!--              <sort_order>150</sort_order>-->
<!--              <show_in_default>1</show_in_default>-->
<!--              <show_in_website>1</show_in_website>-->
<!--              <show_in_store>1</show_in_store>-->
<!--              <comment>Callback Javascript when you slide the handle.</comment>-->
<!--              <tooltip>This JS will be called when you slide the handle of your slider.</tooltip>-->
<!--            </onSlide>-->
<!--          </fields>-->
<!--        </price_slider_conf>-->
        <ajax_conf translate="label">
          <label>AJAX Configuration</label>
          <frontend_type>text</frontend_type>
          <sort_order>30</sort_order>
          <show_in_default>1</show_in_default>
          <show_in_website>1</show_in_website>
          <show_in_store>1</show_in_store>
          <fields>
            <layered><!-- Make up a field key -->
              <label>Enable AJAX for layered navigation?</label>
              <frontend_type>select</frontend_type>
              <source_model>adminhtml/system_config_source_yesno</source_model>
              <sort_order>10</sort_order>
              <show_in_default>1</show_in_default>
              <show_in_website>1</show_in_website>
              <show_in_store>1</show_in_store>
              <comment>Set it to Yes for applying AJAX on layered navigation, NO will remove AJAX</comment>
            </layered>
            <slider><!-- Make up a field key -->
              <label>Enable AJAX only for Price Slider?</label>
              <frontend_type>select</frontend_type>
              <source_model>adminhtml/system_config_source_yesno</source_model>
              <sort_order>11</sort_order>
              <show_in_default>1</show_in_default>
              <show_in_website>1</show_in_website>
              <show_in_store>1</show_in_store>
              <comment>Set it to Yes for applying AJAX on layered navigation, NO will remove AJAX</comment>
            </slider>
            <toolbar><!-- Make up a field key -->
				<label>Enable AJAX for product Toolbar?</label>
				<frontend_type>select</frontend_type>
				<source_model>adminhtml/system_config_source_yesno</source_model>
				<sort_order>12</sort_order>
				<show_in_default>1</show_in_default>
				<show_in_website>1</show_in_website>
				<show_in_store>1</show_in_store>
				<comment>Set it to Yes for applying AJAX on entire toolbar , NO will remove AJAX</comment>
            </toolbar>
			
			<afterAjax><!-- Make up a field key -->
              <label>After Ajax Call Back JavaScript</label>
              <frontend_type>textarea</frontend_type>
              <sort_order>150</sort_order>
              <show_in_default>1</show_in_default>
              <show_in_website>1</show_in_website>
              <show_in_store>1</show_in_store>
              <comment>Callback Javascript after AJAX call for all the above entities.</comment>
              <tooltip>This JS will be called after the ajax request is completed.</tooltip>
            </afterAjax>

            <overlay_color><!-- Make up a field key -->
              <label>Ajax Overlay color</label>
              <frontend_type>text</frontend_type>
              <sort_order>20</sort_order>
              <show_in_default>1</show_in_default>
              <show_in_website>1</show_in_website>
              <show_in_store>1</show_in_store>
              <comment>Color for the AJAX Overlay</comment>
            </overlay_color>
            <overlay_opacity><!-- Make up a field key -->
              <label>Ajax Overlay opacity</label>
              <frontend_type>text</frontend_type>
              <sort_order>20</sort_order>
              <show_in_default>1</show_in_default>
              <show_in_website>1</show_in_website>
              <show_in_store>1</show_in_store>
              <comment>Opacity for the AJAX Overlay</comment>
            </overlay_opacity>
            <loading_image><!-- Make up a field key -->
              <label>Loading Image</label>
              <frontend_type>image</frontend_type>
              <backend_model>adminhtml/system_config_backend_image</backend_model>
              <upload_dir config="system/filesystem/media" scope_info="1">magehouse/slider</upload_dir>
              <!-- would upload into media/uploaddir -->
              <base_url type="media" scope_info="1">magehouse/slider</base_url>
              <!-- same as previous line -->
              <sort_order>30</sort_order>
              <show_in_default>1</show_in_default>
              <show_in_website>1</show_in_website>
              <show_in_store>1</show_in_store>
              <comment>Image to show while the results are loading</comment>
            </loading_image>
            <loading_text><!-- Make up a field key -->
              <label>Results Loading Text</label>
              <frontend_type>text</frontend_type>
              <sort_order>40</sort_order>
              <show_in_default>1</show_in_default>
              <show_in_website>1</show_in_website>
              <show_in_store>1</show_in_store>
              <comment>Text to display when the results are loading via AJAX</comment>
            </loading_text>
            <loading_text_color><!-- Make up a field key -->
              <label>Results Loading Text Color</label>
              <frontend_type>text</frontend_type>
              <sort_order>40</sort_order>
              <show_in_default>1</show_in_default>
              <show_in_website>1</show_in_website>
              <show_in_store>1</show_in_store>
              <comment>Color for text to display when the results are loading via AJAX</comment>
            </loading_text_color>
          </fields>
        </ajax_conf>
      </groups>
    </price_slider>
  </sections>
</config>
