<?xml version="1.0"?>
<config>
    <tabs>
        <iwd>
            <label>peer system</label>
            <sort_order>8</sort_order>
        </iwd>
    </tabs>
    <sections>
        <onepagecheckout translate="label" module="onepagecheckout">
            <label>One Page Checkout</label>
            <tab>iwd</tab>
            <frontend_type>text</frontend_type>
            <sort_order>10</sort_order>
            <show_in_default>1</show_in_default>
            <show_in_website>1</show_in_website>
            <show_in_store>1</show_in_store>
            <groups>
                <general translate="label" module="core">
                    <label>General</label>
                    <frontend_type>text</frontend_type>
                    <sort_order>10</sort_order>
                    <show_in_default>1</show_in_default>
                    <show_in_website>1</show_in_website>
                    <show_in_store>1</show_in_store>
                    <fields>
                        <enabled translate="label" module="core">
                            <label>Enabled</label>
                            <frontend_type>select</frontend_type>
                            <source_model>adminhtml/system_config_source_yesno</source_model>
                            <sort_order>1</sort_order>
                            <show_in_default>1</show_in_default>
                            <show_in_website>1</show_in_website>
                            <show_in_store>1</show_in_store>
                        </enabled>
                        <title translate="label" module="cms">
                            <label>Page Title</label>
                            <frontend_type>text</frontend_type>
                            <sort_order>10</sort_order>
                            <show_in_default>1</show_in_default>
                            <show_in_website>1</show_in_website>
                            <show_in_store>1</show_in_store>
                        </title>
                        <!-- shipping_method translate="label" module="onepagecheckout">
                            <label>Default Shipping Method</label>
                            <frontend_type>select</frontend_type>
                            <source_model>adminhtml/system_config_source_shipping_allmethods</source_model>
                            <sort_order>20</sort_order>
                            <show_in_default>1</show_in_default>
                            <show_in_website>1</show_in_website>
                            <show_in_store>1</show_in_store>
                        </shipping_method -->
                        <payment_method translate="label" module="onepagecheckout">
                            <label>Default Payment Method</label>
                            <frontend_type>select</frontend_type>
                            <source_model>adminhtml/system_config_source_payment_allmethods</source_model>
                            <sort_order>30</sort_order>
                            <show_in_default>1</show_in_default>
                            <show_in_website>1</show_in_website>
                            <show_in_store>1</show_in_store>
                        </payment_method>
                        <country translate="label" module="onepagecheckout">
                            <label>Default Country</label>
                            <frontend_type>select</frontend_type>
                            <source_model>adminhtml/system_config_source_country</source_model>
                            <sort_order>40</sort_order>
                            <show_in_default>1</show_in_default>
                            <show_in_website>1</show_in_website>
                            <show_in_store>1</show_in_store>
                        </country>
                        <guest_checkout translate="label" module="checkout">
                            <label>Allow Guest Checkout</label>
                            <frontend_type>select</frontend_type>
                            <source_model>adminhtml/system_config_source_yesno</source_model>
                            <sort_order>60</sort_order>
                            <show_in_default>1</show_in_default>
                            <show_in_website>1</show_in_website>
                            <show_in_store>1</show_in_store>
                        </guest_checkout>
                        <shipping_address translate="label" module="onepagecheckout">
                            <label>Show Shipping Address Form</label>
                            <frontend_type>select</frontend_type>
                            <source_model>adminhtml/system_config_source_yesno</source_model>
                            <sort_order>70</sort_order>
                            <show_in_default>1</show_in_default>
                            <show_in_website>1</show_in_website>
                            <show_in_store>1</show_in_store>
                        </shipping_address>
                        <newsletter_checkbox translate="label" module="onepagecheckout">
                            <label>Show Subscribe to Newsletter Checkbox</label>
                            <frontend_type>select</frontend_type>
                            <source_model>adminhtml/system_config_source_yesno</source_model>
                            <sort_order>80</sort_order>
                            <show_in_default>1</show_in_default>
                            <show_in_website>1</show_in_website>
                            <show_in_store>1</show_in_store>
                        </newsletter_checkbox>
                        <comment translate="label" module="onepagecheckout">
                            <label>Show Comment Field</label>
                            <frontend_type>select</frontend_type>
                            <source_model>adminhtml/system_config_source_yesno</source_model>
                            <sort_order>90</sort_order>
                            <show_in_default>1</show_in_default>
                            <show_in_website>1</show_in_website>
                            <show_in_store>1</show_in_store>
                        </comment>                        
                    </fields>
                </general>
                <geo_ip translate="label">
                    <label>GeoIP</label>
                    <frontend_type>text</frontend_type>
                    <sort_order>20</sort_order>
                    <show_in_default>1</show_in_default>
                    <show_in_website>1</show_in_website>
                    <show_in_store>1</show_in_store>
                    <fields>
                        <country translate="label">
                            <label>Enable Country Detection</label>
                            <frontend_type>select</frontend_type>
                            <source_model>adminhtml/system_config_source_yesno</source_model>
                            <sort_order>1</sort_order>
                            <show_in_default>1</show_in_default>
                            <show_in_website>1</show_in_website>
                            <show_in_store>1</show_in_store>
                        </country>
                        <country_file translate="label comment">
                            <label>GeoIp filename</label>
                            <comment><![CDATA[<a href='http://geolite.maxmind.com/download/geoip/database/GeoLiteCountry/GeoIP.dat.gz' title='Download GeoIP database'>Download</a> and unzip file under the 'MAGETO_ROOT/lib/MaxMind/GeoIP/data' folder if you don't have it]]></comment>
                            <frontend_type>text</frontend_type>
                            <sort_order>10</sort_order>
                            <show_in_default>1</show_in_default>
                            <show_in_website>1</show_in_website>
                            <show_in_store>1</show_in_store>
                        </country_file>
                        <city translate="label">
                            <label>Enable City Detection</label>
                            <frontend_type>select</frontend_type>
                            <source_model>adminhtml/system_config_source_yesno</source_model>
                            <sort_order>20</sort_order>
                            <show_in_default>1</show_in_default>
                            <show_in_website>1</show_in_website>
                            <show_in_store>1</show_in_store>
                        </city>
                        <city_file translate="label comment">
                            <label>GeoCity filename</label>
                            <comment><![CDATA[<a href='http://geolite.maxmind.com/download/geoip/database/GeoLiteCity.dat.gz' title='Download GeoCity database'>Download</a> and unzip file under the 'MAGETO_ROOT/lib/MaxMind/GeoIP/data' folder if you don't have it]]></comment>
                            <frontend_type>text</frontend_type>
                            <sort_order>30</sort_order>
                            <show_in_default>1</show_in_default>
                            <show_in_website>1</show_in_website>
                            <show_in_store>1</show_in_store>
                        </city_file>
                    </fields>
                </geo_ip>
                <address_form translate="label comment">
                    <label>Address Form Fields</label>
                    <comment>Before changing some of the fields, be sure that your payment/shipping provider does not require them</comment>
                    <frontend_type>text</frontend_type>
                    <sort_order>30</sort_order>
                    <show_in_default>1</show_in_default>
                    <show_in_website>1</show_in_website>
                    <show_in_store>1</show_in_store>
                    <fields>
                        <company translate="label" module="checkout">
                            <label>Company</label>
                            <frontend_type>select</frontend_type>
                            <source_model>onepagecheckout_adminhtml/system_config_source_addressOptions</source_model>
                            <sort_order>10</sort_order>
                            <show_in_default>1</show_in_default>
                            <show_in_website>1</show_in_website>
                            <show_in_store>1</show_in_store>
                        </company>
                        <address translate="label" module="checkout">
                            <label>Address</label>
                            <frontend_type>select</frontend_type>
                            <source_model>onepagecheckout_adminhtml/system_config_source_addressOptions</source_model>
                            <sort_order>20</sort_order>
                            <show_in_default>1</show_in_default>
                            <show_in_website>1</show_in_website>
                            <show_in_store>1</show_in_store>
                        </address>
                        <city translate="label" module="checkout">
                            <label>City</label>
                            <frontend_type>select</frontend_type>
                            <source_model>onepagecheckout_adminhtml/system_config_source_addressOptions</source_model>
                            <sort_order>30</sort_order>
                            <show_in_default>1</show_in_default>
                            <show_in_website>1</show_in_website>
                            <show_in_store>1</show_in_store>
                        </city>
                        <country translate="label" module="checkout">
                            <label>Country</label>
                            <frontend_type>select</frontend_type>
                            <source_model>onepagecheckout_adminhtml/system_config_source_addressOptions</source_model>
                            <sort_order>40</sort_order>
                            <show_in_default>1</show_in_default>
                            <show_in_website>1</show_in_website>
                            <show_in_store>1</show_in_store>
                        </country>
                        <zip translate="label" module="checkout">
                            <label>Zip/Postal Code</label>
                            <frontend_type>select</frontend_type>
                            <source_model>onepagecheckout_adminhtml/system_config_source_addressOptions</source_model>
                            <sort_order>50</sort_order>
                            <show_in_default>1</show_in_default>
                            <show_in_website>1</show_in_website>
                            <show_in_store>1</show_in_store>
                        </zip>
                        <state translate="label" module="checkout">
                            <label>State/Province</label>
                            <frontend_type>select</frontend_type>
                            <source_model>onepagecheckout_adminhtml/system_config_source_addressOptions</source_model>
                            <sort_order>60</sort_order>
                            <show_in_default>1</show_in_default>
                            <show_in_website>1</show_in_website>
                            <show_in_store>1</show_in_store>
                        </state>
                        <phone translate="label" module="checkout">
                            <label>Telephone</label>
                            <frontend_type>select</frontend_type>
                            <source_model>onepagecheckout_adminhtml/system_config_source_addressOptions</source_model>
                            <sort_order>70</sort_order>
                            <show_in_default>1</show_in_default>
                            <show_in_website>1</show_in_website>
                            <show_in_store>1</show_in_store>
                        </phone>
                        <fax translate="label" module="checkout">
                            <label>Fax</label>
                            <frontend_type>select</frontend_type>
                            <source_model>onepagecheckout_adminhtml/system_config_source_addressOptions</source_model>
                            <sort_order>80</sort_order>
                            <show_in_default>1</show_in_default>
                            <show_in_website>1</show_in_website>
                            <show_in_store>1</show_in_store>
                        </fax>
                    </fields>
                </address_form>
                <agreements translate="label" module="checkout">
                    <label>Terms and Conditions</label>
                    <frontend_type>text</frontend_type>
                    <sort_order>40</sort_order>
                    <show_in_default>1</show_in_default>
                    <show_in_website>1</show_in_website>
                    <show_in_store>1</show_in_store>
                    <fields>
                        <enabled translate="label">
                            <label>Enable Terms and Conditions</label>
                            <frontend_type>select</frontend_type>
                            <source_model>adminhtml/system_config_source_yesno</source_model>
                            <sort_order>10</sort_order>
                            <show_in_default>1</show_in_default>
                            <show_in_website>1</show_in_website>
                            <show_in_store>1</show_in_store>
                        </enabled>
                        <output translate="label" module="onepagecheckout">
                            <label>Output Type</label>
                            <frontend_type>select</frontend_type>
                            <source_model>onepagecheckout_adminhtml/system_config_source_agreementOptions</source_model>
                            <sort_order>20</sort_order>
                            <show_in_default>1</show_in_default>
                            <show_in_website>1</show_in_website>
                            <show_in_store>1</show_in_store>
                        </output>
                    </fields>
                </agreements>
            </groups>
        </onepagecheckout>
    </sections>
</config>