<!--<?xml version="1.0"?>
<config>
	<tabs>
		<olegnax translate="label" module="gfont">
			<label>PEER SYSTEM</label>
			<sort_order>4</sort_order>
		</olegnax>
	</tabs>
	<sections>
		<gfont translate="label" module="gfont">
			<label>Olegnax Google Fonts</label>
			<tab>olegnax</tab>
			<sort_order>10</sort_order>
			<show_in_default>1</show_in_default>
			<show_in_website>1</show_in_website>
			<show_in_store>1</show_in_store>
			<groups>
				<gfont_config translate="label">
					<label>Olegnax Google Fonts Config</label>
					<frontend_type>text</frontend_type>
					<sort_order>10</sort_order>
					<show_in_default>1</show_in_default>
					<show_in_website>1</show_in_website>
					<show_in_store>1</show_in_store>
					<fields>
						<titlefont translate="label comment">
							<label>Title Font: </label>
							<frontend_type>select</frontend_type>
							<frontend_model>gfont/adminhtml_system_config_form_field_titlefont</frontend_model>
							<source_model>gfont/config_titlefont</source_model>
							<sort_order>50</sort_order>
							<show_in_default>1</show_in_default>
							<show_in_website>1</show_in_website>
							<show_in_store>1</show_in_store>
						</titlefont>
						<bodyfont translate="label comment">
							<label>Body Font: </label>
							<frontend_type>select</frontend_type>
							<frontend_model>gfont/adminhtml_system_config_form_field_bodyfont</frontend_model>
							<source_model>gfont/config_bodyfont</source_model>
							<sort_order>40</sort_order>
							<show_in_default>1</show_in_default>
							<show_in_website>1</show_in_website>
							<show_in_store>1</show_in_store>
						</bodyfont>
					</fields>
				</gfont_config>
			</groups>
		</gfont>
	</sections>
</config>


-->